,Sample_ID,num_alleles,Shannon_index,eMOI,host,continent,country,host_cat1,host_cat2,major_allele,minor_alleles
0,SRR25512130_Cp_parent_pheRSr-Nluc-tdNG,1,-0.0,1.0,Mus musculus,North America,USA,,,A17G2R1-IIa,
1,SRR11817812_Run7,1,-0.0,1.0,Ovis aries,Europe,Italy,livestock,,A15G2R1-IIa,
2,SRR10363339_43448,1,-0.0,1.0,Homo sapiens,North America,USA,human,human,A15G2R1-IIa,
3,SRR10363552_44212,1,-0.0,1.0,Homo sapiens,North America,USA,human,human,A10G2-IIc,
4,SRR15694536_42966,1,-0.0,1.0,Bos taurus,Asia,China,livestock,cattle,A19G1-IId,
5,SRR10363582_42962,1,-0.0,1.0,Bos taurus,Asia,China,livestock,cattle,A19G1-IId,
6,SRR27731251_W487,1,-0.0,1.0,Bos taurus,Asia,China,livestock,cattle,A19G1-IId,
7,SRR15694513_43849,1,-0.0,1.0,Homo sapiens,Africa,Egypt,human,human,A5G3-IIc,
8,SRR10997286_IL100105221_AGTGTCTG,1,-0.0,1.0,Homo sapiens,Africa,Uganda,human,human,A5G3-IIc,
9,SRR27731281_W437,1,-0.0,1.0,Bos taurus,Asia,China,livestock,cattle,A19G1-IId,
10,UKP221,1,-0.0,1.0,Bos taurus,Europe,United Kingdom,livestock,cattle,A17G2R1-IIa,
11,SRR10363568_42983,1,-0.0,1.0,Bos taurus,Asia,China,livestock,cattle,A19G1-IId,
12,SRR15694485_41562,1,-0.0,1.0,Bos taurus,North America,USA,livestock,cattle,A17G2R1-IIa,
13,SRR10363583_42888,1,-0.0,1.0,Homo sapiens,North America,USA,human,human,A15G2R1-IIa,
14,SRR10363529_43029,1,-0.0,1.0,Homo sapiens,North America,USA,human,human,A16G3R1-IIa,
15,SRR10363417_44639,1,-0.0,1.0,Homo sapiens,North America,USA,human,human,A12G2R1-IIa,
16,SRR21763631_Lamb3,1,-0.0,1.0,Ovis aries,Europe,Italy,livestock,,A18G1-IId,
17,SRR27731283_W398,1,-0.0,1.0,Bos taurus,Asia,China,livestock,cattle,A19G1-IId,
18,SRR27731250_W407,1,-0.0,1.0,Bos taurus,Asia,China,livestock,cattle,A19G1-IId,
19,SRR10363404_44681,1,-0.0,1.0,Homo sapiens,North America,USA,human,human,A15G2R1-IIa,
20,SRR26320666_Prt1,2,0.2968139218095769,1.3455648958705773,Bos taurus,Europe,Portugal,livestock,cattle,A15G2R1-IIa,A14G2R1-IIa
21,UKP227,1,-0.0,1.0,Homo sapiens,Europe,United Kingdom,human,human,A26G1-IId,
22,SRR26320753_DK1,1,-0.0,1.0,Bos taurus,Europe,Denmark,livestock,cattle,A16G3R1-IIa,
23,SRR10363495_44492,1,-0.0,1.0,Bos taurus,Africa,Egypt,livestock,cattle,A15G1R1-IIa,
24,SRR26320694_GER23,1,-0.0,1.0,Bos taurus,Europe,Germany,livestock,cattle,A15G2R1-IIa,
25,SRR26320674_Hun8,1,-0.0,1.0,Bos taurus,Europe,Hungary,livestock,cattle,A16G3R1-IIa,
26,SRR10363322_39339,1,-0.0,1.0,Homo sapiens,North America,USA,human,human,A15G2R1-IIa,
27,SRR11817821_Run11,1,-0.0,1.0,Ovis aries,Europe,Italy,livestock,,A16G1R1-IIa,
28,SRR10363419_44637,1,-0.0,1.0,Homo sapiens,North America,USA,human,human,A12G2R2-IIa,
29,SRR26320675_Hun7,2,0.30630086595256906,1.3583909386567858,Bos taurus,Europe,Hungary,livestock,cattle,A16G3R1-IIa,A15G3R1-IIa
30,SRR10363449_44578,1,-0.0,1.0,Homo sapiens,North America,USA,human,human,A15G2R1-IIa,
31,SRR15694515_35090,1,-0.0,1.0,Bos taurus,Africa,Egypt,livestock,cattle,A15G1R1-IIa,
32,SRR15694517_22958,1,-0.0,1.0,Bos taurus,Asia,China,livestock,cattle,A19G1-IId,
33,SRR30219005_W589,1,-0.0,1.0,Bos taurus,Asia,China,livestock,cattle,A19G1-IId,
34,SRR10363437_44604,1,-0.0,1.0,Homo sapiens,North America,USA,human,human,A18G3R1-IIa,
35,SRR26320723_Fra4,2,0.2773563582115926,1.3196365505749283,Ovis aries,Europe,France,livestock,,A16G3R1-IIa,A15G3R1-IIa
36,SRR30219010_W586,1,-0.0,1.0,Bos taurus,Asia,China,livestock,cattle,A19G1-IId,
37,SRR10363336_43452,1,-0.0,1.0,Homo sapiens,North America,USA,human,human,A15G2R1-IIa,
38,SRR26320656_UKP103,1,-0.0,1.0,Homo sapiens,Europe,United Kingdom,human,human,A15G2R1-IIa,
39,SRR15694546_44298,1,-0.0,1.0,Bos taurus,Asia,China,livestock,cattle,A19G1-IId,
40,SRR27731275_W486,1,-0.0,1.0,Bos taurus,Asia,China,livestock,cattle,A19G1-IId,
41,SRR15694535_42967,1,-0.0,1.0,Bos taurus,Asia,China,livestock,cattle,A19G1-IId,
42,SRR21763629_Lamb5,1,-0.0,1.0,Ovis aries,Europe,Italy,livestock,,A19R1-IIa,
43,SRR10363299_39732,1,-0.0,1.0,Homo sapiens,North America,USA,human,human,A15G2R1-IIa,
44,SRR26320663_Swe2,1,-0.0,1.0,Bos taurus,Europe,Sweden,livestock,cattle,A15G2R1-IIa,
45,SRR27731287_W425,1,-0.0,1.0,Bos taurus,Asia,China,livestock,cattle,A19G1-IId,
46,SRR11516700_INRAE,1,-0.0,1.0,Bos taurus,Europe,France,livestock,cattle,A20G1R1-IIa,
47,SRR10363319_42424,1,-0.0,1.0,Homo sapiens,North America,USA,human,human,A15G2R1-IIa,
48,SRR10363488_44513,1,-0.0,1.0,Homo sapiens,North America,USA,human,human,A15G1-IId,
49,SRR15694506_22971,1,-0.0,1.0,Bos taurus,Asia,China,livestock,cattle,A19G1-IId,
50,SRR27731277_W481,1,-0.0,1.0,Bos taurus,Asia,China,livestock,cattle,A19G1-IId,
51,SRR21763627_Calf7,1,-0.0,1.0,Bos taurus,Europe,Italy,livestock,cattle,A16G1R1-IIa,
52,SRR27731249_W488,1,-0.0,1.0,Bos taurus,Asia,China,livestock,cattle,A19G1-IId,
53,SRR26320676_DK3,1,-0.0,1.0,Bos taurus,Europe,Denmark,livestock,cattle,A15G2R1-IIa,
54,SRR10363463_44551,1,-0.0,1.0,Homo sapiens,North America,USA,human,human,A17G2R1-IIa,
55,SRR10363371_46864,1,-0.0,1.0,Homo sapiens,North America,USA,human,human,A15G2R1-IIa,
56,SRR30219001_W594,1,-0.0,1.0,Bos taurus,Asia,China,livestock,cattle,A19G1-IId,
57,SRR9070313_AK,1,-0.0,1.0,Bos taurus,North America,USA,livestock,cattle,A17G2R1-IIa,
58,SRR10363305_43457,1,-0.0,1.0,Homo sapiens,North America,USA,human,human,A15G2R2-IIa,
59,SRR10363309_42768,1,-0.0,1.0,Homo sapiens,North America,USA,human,human,A15G2R1-IIa,
60,SRR24474867_BGF-T0,1,-0.0,1.0,Bos taurus,North America,USA,livestock,cattle,A17G2R1-IIa,
61,SRR26320705_FIN23,1,-0.0,1.0,Bos taurus,Europe,Finland,livestock,cattle,A13G2R1-IIa,
62,SRR3091755_CP0035F4,1,-0.0,1.0,Bos taurus,Europe,Sweden,livestock,cattle,A17G1R1-IIa,
63,SRR26320684_Hun1,1,-0.0,1.0,Bos taurus,Europe,Hungary,livestock,cattle,A16G3R1-IIa,
64,SRR31034905,1,-0.0,1.0,Mus musculus,Asia,China,,,A15G1-IId,
65,SRR10363522_43069,1,-0.0,1.0,Homo sapiens,North America,USA,human,human,A15G2R1-IIa,
66,SRR10363428_44629,1,-0.0,1.0,Homo sapiens,North America,USA,human,human,A16G1R1-IIa,
67,SRR10363511_43327,1,-0.0,1.0,Homo sapiens,North America,USA,human,human,A15G2R2-IIa,
68,SRR15694505_42561,1,-0.0,1.0,Bos taurus,North America,USA,livestock,cattle,A15G2R1-IIa,
69,SRR10363492_44498,1,-0.0,1.0,Bos taurus,Africa,Egypt,livestock,cattle,A15G1R1-IIa,
70,SRR15694572_45012,1,-0.0,1.0,Bos taurus,Asia,China,livestock,cattle,A19G1-IId,
71,SRR10363516_43288,1,-0.0,1.0,Homo sapiens,North America,USA,human,human,A13G2R2-IIa,
72,SRR27731247_W490,1,-0.0,1.0,Bos taurus,Asia,China,livestock,cattle,A19G1-IId,
73,SRR33038859,1,-0.0,1.0,Bos taurus,North America,USA,livestock,cattle,A17G2R1-IIa,
74,SRR26320741_UKP95,1,-0.0,1.0,Homo sapiens,Europe,United Kingdom,human,human,A19G1R1-IIa,
75,SRR21763625_Calf9,1,-0.0,1.0,Bos taurus,Europe,Italy,livestock,cattle,A17G1R1-IIa,
76,SRR27731257_W434,1,-0.0,1.0,Bos taurus,Asia,China,livestock,cattle,A19G1-IId,
77,SRR27731245_W497,1,-0.0,1.0,Bos taurus,Asia,China,livestock,cattle,A19G1-IId,
78,SRR10363501_44409,1,-0.0,1.0,Bos taurus,Africa,Egypt,livestock,cattle,A15G1R1-IIa,
79,SRR27731296_W394,1,-0.0,1.0,Bos taurus,Asia,China,livestock,cattle,A19G1-IId,
80,SRR11818075_Run5,1,-0.0,1.0,Homo sapiens,Europe,Slovenia,human,human,A19G1R1-IIa,
81,SRR15694567_24696,1,-0.0,1.0,Bos taurus,Asia,China,livestock,cattle,A20G1-IId,
82,UKP223,1,-0.0,1.0,Homo sapiens,Europe,United Kingdom,human,human,A15G2R1-IIa,
83,UKP219,1,-0.0,1.0,Bos taurus,Europe,United Kingdom,livestock,cattle,A17G2R1-IIa,
84,SRR15694532_42973,1,-0.0,1.0,Bos taurus,Asia,China,livestock,cattle,A19G1-IId,
85,SRR15694557_11783,1,-0.0,1.0,Bos taurus,Asia,China,livestock,cattle,A20G1-IId,
86,SRR6117460_UKP2,1,-0.0,1.0,Homo sapiens,Europe,United Kingdom,human,human,A19G1R2-IIa,
87,SRR15694497_41560,1,-0.0,1.0,Bos taurus,North America,USA,livestock,cattle,A15G2R1-IIa,
88,SRR10363533_43008,1,-0.0,1.0,Homo sapiens,North America,USA,human,human,A15G2R1-IIa,
89,SRR10363557_43790,1,-0.0,1.0,Homo sapiens,North America,USA,human,human,A18G3R1-IIa,
90,SRR27731297_W393,1,-0.0,1.0,Bos taurus,Asia,China,livestock,cattle,A19G1-IId,
91,SRR26320727_Fra1,2,0.3245346913396677,1.3833867943415,Bos taurus,Europe,France,livestock,cattle,A17G3R1-IIa,A16G3R1-IIa
92,SRR26320683_Hun11,1,-0.0,1.0,Bos taurus,Europe,Hungary,livestock,cattle,A16G3R1-IIa,
93,SRR27731256_W435,1,-0.0,1.0,Bos taurus,Asia,China,livestock,cattle,A19G1-IId,
94,SRR10363547_44222,1,-0.0,1.0,Homo sapiens,North America,USA,human,human,A17G2R2-IIa,
95,SRR10363525_43055,1,-0.0,1.0,Homo sapiens,North America,USA,human,human,A18G3R1-IIa,
96,SRR26320696_GER21,2,0.3111291548118492,1.3649655016647284,Bos taurus,Europe,Germany,livestock,cattle,A17G2R1-IIa,A16G2R1-IIa
97,SRR10363413_41569,1,-0.0,1.0,Bos taurus,North America,USA,livestock,cattle,A15G2R1-IIa,
98,SRR15694548_44290,1,-0.0,1.0,Bos taurus,Asia,China,livestock,cattle,A19G1-IId,
99,SRR10363310_42672,1,-0.0,1.0,Bos taurus,Asia,China,livestock,cattle,A19G1-IId,
100,SRR33038858,1,-0.0,1.0,Bos taurus,North America,USA,livestock,cattle,A17G2R1-IIa,
101,SRR10363301_43464,1,-0.0,1.0,Homo sapiens,North America,USA,human,human,A15G2R1-IIa,
102,SRR3091758_CP0036B6,1,-0.0,1.0,Bos taurus,Europe,Sweden,livestock,cattle,A17G1R1-IIa,
103,SRR26320681_Hun2,2,0.29007845745253563,1.3365323448350264,Bos taurus,Europe,Hungary,livestock,cattle,A16G3R1-IIa,A15G3R1-IIa
104,SRR26320742_UKP94,1,-0.0,1.0,Homo sapiens,Europe,United Kingdom,human,human,A18G2R1-IIa,
105,SRR27731268_W401,1,-0.0,1.0,Bos taurus,Asia,China,livestock,cattle,A19G1-IId,
106,SRR6147964_UKP7,2,0.3590238104886269,1.43193089614007,Homo sapiens,Europe,United Kingdom,human,human,A17G1R1-IIa,A16G1R1-IIa
107,SRR10363372_46863,1,-0.0,1.0,Homo sapiens,North America,USA,human,human,A15G2R1-IIa,
108,SRR15694495_22972,1,-0.0,1.0,Bos taurus,Asia,China,livestock,cattle,A19G1-IId,
109,SRR27731246_W491,1,-0.0,1.0,Bos taurus,Asia,China,livestock,cattle,A19G1-IId,
110,SRR27731299_W494,1,-0.0,1.0,Bos taurus,Asia,China,livestock,cattle,A19G1-IId,
111,SRR26320669_Nor4,2,0.5042558037803253,1.6557528568291657,Bos taurus,Europe,Norway,livestock,cattle,A21G1R1-IIa,A20G1R1-IIa
112,SRR30219000_W595,1,-0.0,1.0,Bos taurus,Asia,China,livestock,cattle,A19G1-IId,
113,SRR26320718_FIN12,1,-0.0,1.0,Homo sapiens,Europe,Finland,human,human,A13G2R1-IIa,
114,SRR27731244_W498,1,-0.0,1.0,Bos taurus,Asia,China,livestock,cattle,A19G1-IId,
115,SRR10363480_40140,1,-0.0,1.0,Homo sapiens,North America,USA,human,human,A15G2R1-IIa,
116,SRR10363560_38783,1,-0.0,1.0,Bos taurus,North America,USA,livestock,cattle,A15G2R1-IIa,
117,SRR10363369_41811,1,-0.0,1.0,Homo sapiens,Europe,Spain,human,human,A15G2R1-IIa,
118,SRR10363555_44188,1,-0.0,1.0,Homo sapiens,North America,USA,human,human,A16G2R1-IIa,
119,SRR30219009_W596,1,-0.0,1.0,Bos taurus,Asia,China,livestock,cattle,A19G1-IId,
120,SRR10363509_43328,2,0.6318873589149205,1.8811576505752716,Homo sapiens,North America,USA,human,human,A17G2R2-IIa,A15G2R1-IIa
121,SRR15694560_11730,1,-0.0,1.0,Bos taurus,Asia,China,livestock,cattle,A20G1-IId,
122,SRR10363473_44540,1,-0.0,1.0,Homo sapiens,North America,USA,human,human,A15G2R2-IIa,
123,SRR33038862,1,-0.0,1.0,Bos taurus,North America,USA,livestock,cattle,A17G2R1-IIa,
124,SRR21763634_Calf12,1,-0.0,1.0,Bos taurus,Europe,Italy,livestock,cattle,A15G2R1-IIa,
125,SRR27731291_W404,1,-0.0,1.0,Bos taurus,Asia,China,livestock,cattle,A19G1-IId,
126,SRR11817818_Run14,1,-0.0,1.0,Bos taurus,Europe,Italy,livestock,cattle,A15G2R1-IIa,
127,SRR11818076_Run4,1,-0.0,1.0,Homo sapiens,Europe,Slovenia,human,human,A15G2R1-IIa,
128,SRR15694512_44409,1,-0.0,1.0,Bos taurus,Africa,Egypt,livestock,cattle,A15G1R1-IIa,
129,SRR29366321_W304-INS19-KO,1,-0.0,1.0,Bos taurus,Asia,China,livestock,cattle,A20G1-IId,
130,SRR15694511_44412,1,-0.0,1.0,Bos taurus,Africa,Egypt,livestock,cattle,A15G1R1-IIa,
131,SRR15694537_42965,1,-0.0,1.0,Bos taurus,Asia,China,livestock,cattle,A19G1-IId,
132,SRR15694571_45023,1,-0.0,1.0,Addax,Asia,China,,,A19G1-IId,
133,SRR10363401_44688,1,-0.0,1.0,Homo sapiens,North America,USA,human,human,A15G2R1-IIa,
134,SRR10363500_44412,1,-0.0,1.0,Bos taurus,Africa,Egypt,livestock,cattle,A15G1R1-IIa,
135,SRR10363467_44546,1,-0.0,1.0,Homo sapiens,North America,USA,human,human,A13G2R2-IIa,
136,SRR11817815_Run4,1,-0.0,1.0,Capra hircus,Europe,Italy,,,A15G2R1-IIa,
137,SRR10363579_42965,1,-0.0,1.0,Bos taurus,Asia,China,livestock,cattle,A19G1-IId,
138,SRR10363451_44573,1,-0.0,1.0,Homo sapiens,North America,USA,human,human,A15G2R3-IIa,
139,SRR15694538_42964,1,-0.0,1.0,Bos taurus,Asia,China,livestock,cattle,A19G1-IId,
140,SRR26320720_Fra7,1,-0.0,1.0,Capra hircus,Europe,France,,,A15G2R1-IIa,
141,SRR10363348_43437,1,-0.0,1.0,Homo sapiens,North America,USA,human,human,A15G2R1-IIa,
142,SRR27731293_W402,1,-0.0,1.0,Bos taurus,Asia,China,livestock,cattle,A20G1-IId,
143,SRR11817817_Run15,1,-0.0,1.0,Bos taurus,Europe,Italy,livestock,cattle,A15G2R1-IIa,
144,SRR26320731_FIN6,1,-0.0,1.0,Bos taurus,Europe,Finland,livestock,cattle,A15G2R1-IIa,
145,SRR26320746_UKP133,1,-0.0,1.0,Homo sapiens,Europe,United Kingdom,human,human,A15G2R1-IIa,
146,SRR10363532_43009,1,-0.0,1.0,Homo sapiens,North America,USA,human,human,A16G3R2-IIa,
147,SRR15694569_12535,1,-0.0,1.0,Bos taurus,Asia,China,livestock,cattle,A20G1-IId,
148,SRR21763630_Lamb4,1,-0.0,1.0,Ovis aries,Europe,Italy,livestock,,A13R2-IIa,
149,SRR10363461_44554,1,-0.0,1.0,Homo sapiens,North America,USA,human,human,A15G2R2-IIa,
150,SRR15694494_45179,1,-0.0,1.0,Homo sapiens,North America,USA,human,human,A5G3-IIc,
151,SRR26320734_FIN3,1,-0.0,1.0,Homo sapiens,Europe,Finland,human,human,A17G1R1-IIa,
152,SRR11817813_Run6,1,-0.0,1.0,Ovis aries,Europe,Italy,livestock,,A15G2R1-IIa,
153,UKP228,1,-0.0,1.0,Homo sapiens,Europe,United Kingdom,human,human,A5G3-IIc,
154,SRR10363315_42632,1,-0.0,1.0,Bos taurus,Asia,China,livestock,cattle,A19G1-IId,
155,SRR10363499_44425,1,-0.0,1.0,Bos taurus,Africa,Egypt,livestock,cattle,A15G1R1-IIa,
156,SRR10363476_44536,1,-0.0,1.0,Homo sapiens,North America,USA,human,human,A17G2R1-IIa,
157,SRR21763633_Calf13,1,-0.0,1.0,Bos taurus,Europe,Italy,livestock,cattle,A15G2R1-IIa,
158,SRR27731253_W483,1,-0.0,1.0,Bos taurus,Asia,China,livestock,cattle,A19G1-IId,
159,SRR26320682_Hun12,1,-0.0,1.0,Bos taurus,Europe,Hungary,livestock,cattle,A16G1R1-IIa,
160,SRR11817816_Run3,1,-0.0,1.0,Capra hircus,Europe,Italy,,,A15G2R1-IIa,
161,SRR10363424_41567,1,-0.0,1.0,Bos taurus,North America,USA,livestock,cattle,A15G2R1-IIa,
162,SRR10363358_39209,1,-0.0,1.0,Homo sapiens,North America,USA,human,human,A15G2R1-IIa,
163,SRR26320709_FIN2,1,-0.0,1.0,Homo sapiens,Europe,Finland,human,human,A13G2R1-IIa,
164,SRR30219008_W673,1,-0.0,1.0,Bos taurus,Asia,China,livestock,cattle,A19G1-IId,
165,SRR10363474_44539,1,-0.0,1.0,Homo sapiens,North America,USA,human,human,A15G2R2-IIa,
166,SRR26320673_Hun9,1,-0.0,1.0,Bos taurus,Europe,Hungary,livestock,cattle,A16G3R1-IIa,
167,SRR26320721_Fra6,1,-0.0,1.0,Capra hircus,Europe,France,,,A15G2R1-IIa,
168,SRR27731303_W479,1,-0.0,1.0,Bos taurus,Asia,China,livestock,cattle,A19G1-IId,
169,SRR10363311_39609,1,-0.0,1.0,Homo sapiens,North America,USA,human,human,A15G2R1-IIa,
170,UKP216,1,-0.0,1.0,Homo sapiens,Europe,United Kingdom,human,human,A17G2R1-IIa,
171,SRR15694483_44513,1,-0.0,1.0,Homo sapiens,North America,USA,human,human,A15G1-IId,
172,SRR27731243_W440,1,-0.0,1.0,Bos taurus,Asia,China,livestock,cattle,A19G1-IId,
173,SRR10363589_39753,1,-0.0,1.0,Homo sapiens,North America,USA,human,human,A15G2R1-IIa,
174,SRR10363475_44538,1,-0.0,1.0,Homo sapiens,North America,USA,human,human,A15G2R2-IIa,
175,SRR10363483_44531,1,-0.0,1.0,Homo sapiens,North America,USA,human,human,A17G2R1-IIa,
176,UKP224,1,-0.0,1.0,Homo sapiens,Europe,United Kingdom,human,human,A15G2R1-IIa,
177,SRR10363341_43446,1,-0.0,1.0,Homo sapiens,North America,USA,human,human,A19G2R1-IIa,
178,SRR21763624_Calf10,1,-0.0,1.0,Bos taurus,Europe,Italy,livestock,cattle,A16G2R1-IIa,
179,SRR10363470_44544,1,-0.0,1.0,Homo sapiens,North America,USA,human,human,A15G2R1-IIa,
180,SRR11818074_Run6,1,-0.0,1.0,Homo sapiens,Europe,Slovenia,human,human,A15G2R1-IIa,
181,SRR3091751_meta1499,2,0.35655458699650394,1.428399500429111,Bos taurus,Europe,Sweden,livestock,cattle,A17G1R1-IIa,A16G1R1-IIa
182,SRR15694539_45022,1,-0.0,1.0,Bos taurus,Asia,China,livestock,cattle,A19G1-IId,
183,SRR15694525_42984,1,-0.0,1.0,Bos taurus,Asia,China,livestock,cattle,A19G1-IId,
184,SRR27731278_W480,1,-0.0,1.0,Bos taurus,Asia,China,livestock,cattle,A19G1-IId,
185,SRR10363564_42986,1,-0.0,1.0,Bos taurus,Asia,China,livestock,cattle,A19G1-IId,
186,SRR10363515_43292,1,-0.0,1.0,Homo sapiens,North America,USA,human,human,A17G2R2-IIa,
187,SRR15694565_24721,1,-0.0,1.0,Bos taurus,Asia,China,livestock,cattle,A20G1-IId,
188,SRR10363465_44548,1,-0.0,1.0,Homo sapiens,North America,USA,human,human,A16G3R1-IIa,
189,SRR10363586_43782,2,0.29154582020225667,1.3384949621952866,Homo sapiens,North America,USA,human,human,A21G2R1-IIa,A20G2R1-IIa
190,SRR29366320_W278-INS20-KO,1,-0.0,1.0,Bos taurus,Asia,China,livestock,cattle,A20G1-IId,
191,SRR10363403_44687,1,-0.0,1.0,Homo sapiens,North America,USA,human,human,A15G2R1-IIa,
192,SRR26320657_UKP102,1,-0.0,1.0,Homo sapiens,Europe,United Kingdom,human,human,A15G2R1-IIa,
193,SRR10363383_46363,1,-0.0,1.0,Homo sapiens,North America,USA,human,human,A19G2R1-IIa,
194,SRR30219003_W591,1,-0.0,1.0,Bos taurus,Asia,China,livestock,cattle,A20G1-IId,
195,SRR27731292_W403,1,-0.0,1.0,Bos taurus,Asia,China,livestock,cattle,A19G1-IId,
196,SRR26320648_UKP121,1,-0.0,1.0,Homo sapiens,Europe,United Kingdom,human,human,A18G3R1-IIa,
197,SRR27731238_W476,1,-0.0,1.0,Bos taurus,Asia,China,livestock,cattle,A19G1-IId,
198,SRR15694523_42986,1,-0.0,1.0,Bos taurus,Asia,China,livestock,cattle,A19G1-IId,
199,SRR15694507_44493,1,-0.0,1.0,Bos taurus,Africa,Egypt,livestock,cattle,A15G1R1-IIa,
200,SRR10363566_39665,1,-0.0,1.0,Homo sapiens,North America,USA,human,human,A15G2R1-IIa,
201,SRR6813716_UKP13,1,-0.0,1.0,Homo sapiens,Europe,United Kingdom,human,human,A5G3-IIc,
202,SRR10363354_43406,1,-0.0,1.0,Homo sapiens,North America,USA,human,human,A15G2R2-IIa,
203,SRR10363344_43442,2,0.6584896970785714,1.9318724174216306,Homo sapiens,North America,USA,human,human,A15G2R2-IIa,A15G2R1-IIa
204,SRR11516703_Bunchgrass,2,0.42851765986566254,1.5349804731228833,Bos taurus,North America,USA,livestock,cattle,A17G2R1-IIa,A15G2R1-IIa
205,SRR15694559_11738,1,-0.0,1.0,Bos taurus,Asia,China,livestock,cattle,A20G1-IId,
206,SRR26320736_FIN10,1,-0.0,1.0,Bos taurus,Europe,Finland,livestock,cattle,A15G2R1-IIa,
207,SRR26320737_FIN1,1,-0.0,1.0,Homo sapiens,Europe,Finland,human,human,A15G2R1-IIa,
208,SRR10363584_42886,1,-0.0,1.0,Homo sapiens,North America,USA,human,human,A18G3R1-IIa,
209,SRR10363397_44866,1,-0.0,1.0,Homo sapiens,North America,USA,human,human,A15G2R1-IIa,
210,SRR26320747_UKP132,1,-0.0,1.0,Homo sapiens,Europe,United Kingdom,human,human,A15G2R1-IIa,
211,SRR11817811_Run8,1,-0.0,1.0,Bos taurus,Europe,Italy,livestock,cattle,A19G2R1-IIa,
212,SRR10363304_43460,1,-0.0,1.0,Homo sapiens,North America,USA,human,human,A15G2R1-IIa,
213,SRR26320660_SweH2,1,-0.0,1.0,Homo sapiens,Europe,Sweden,human,human,A20G1-IId,
214,SRR15694564_11707,1,-0.0,1.0,Bos taurus,Asia,China,livestock,cattle,A20G1-IId,
215,SRR10363587_43781,1,-0.0,1.0,Homo sapiens,North America,USA,human,human,A16G3R2-IIa,
216,SRR26320685_GER31,2,0.6139698579328221,1.8477521715693952,Bos taurus,Europe,Germany,livestock,cattle,A14G1R1-IIa,A15G2R1-IIa
217,SRR27731239_W475,1,-0.0,1.0,Bos taurus,Asia,China,livestock,cattle,A19G1-IId,
218,UKP226,1,-0.0,1.0,Homo sapiens,Europe,United Kingdom,human,human,A15G2R1-IIa,
219,SRR10363581_42963,1,-0.0,1.0,Bos taurus,Asia,China,livestock,cattle,A19G1-IId,
220,SRR15694533_42972,1,-0.0,1.0,Bos taurus,Asia,China,livestock,cattle,A19G1-IId,
221,SRR27731255_W436,1,-0.0,1.0,Bos taurus,Asia,China,livestock,cattle,A19G1-IId,
222,SRR10363537_44290,1,-0.0,1.0,Bos taurus,Asia,China,livestock,cattle,A19G1-IId,
223,SRR15694544_42658,1,-0.0,1.0,Bos taurus,Asia,China,livestock,cattle,A19G1-IId,
224,SRR10363577_39640,1,-0.0,1.0,Homo sapiens,North America,USA,human,human,A15G2R1-IIa,
225,SRR27731304_W478,1,-0.0,1.0,Bos taurus,Asia,China,livestock,cattle,A20G1-IId,
226,SRR27731260_W428,1,-0.0,1.0,Bos taurus,Asia,China,livestock,cattle,A19G1-IId,
227,SRR10363478_44534,2,0.3669249912727096,1.4432896557346915,Homo sapiens,North America,USA,human,human,A17G2R1-IIa,A16G2R1-IIa
228,SRR10363520_43072,1,-0.0,1.0,Homo sapiens,North America,USA,human,human,A15G2R1-IIa,
229,SRR10363504_44379,1,-0.0,1.0,Homo sapiens,North America,USA,human,human,A18G3R1-IIa,
230,SRR10363597_43469,1,-0.0,1.0,Homo sapiens,North America,USA,human,human,A15G2R1-IIa,
231,SRR10363565_42985,1,-0.0,1.0,Bos taurus,Asia,China,livestock,cattle,A19G1-IId,
232,SRR3091752_CP0035C8,2,0.42568815838822743,1.5306433824022394,Bos taurus,Europe,Sweden,livestock,cattle,A17G1R1-IIa,A16G1R1-IIa
233,SRR27731272_W405,1,-0.0,1.0,Bos taurus,Asia,China,livestock,cattle,A19G1-IId,
234,SRR10363429_44616,1,-0.0,1.0,Homo sapiens,North America,USA,human,human,A15G2R1-IIa,
235,SRR10363355_43404,1,-0.0,1.0,Homo sapiens,North America,USA,human,human,A15G2R2-IIa,
236,SRR10363337_43451,1,-0.0,1.0,Homo sapiens,North America,USA,human,human,A15G2R1-IIa,
237,SRR27731271_W392,1,-0.0,1.0,Bos taurus,Asia,China,livestock,cattle,A19G1-IId,
238,SRR6813719_UKP15,1,-0.0,1.0,Homo sapiens,Europe,United Kingdom,human,human,A5G3-IIc,
239,SRR15694496_42435,1,-0.0,1.0,Bos taurus,North America,USA,livestock,cattle,A14G1R2-IIa,
240,SRR27731300_W493,1,-0.0,1.0,Bos taurus,Asia,China,livestock,cattle,A19G1-IId,
241,SRR10363444_44584,1,-0.0,1.0,Homo sapiens,North America,USA,human,human,A15G2R2-IIa,
242,SRR10363524_43060,1,-0.0,1.0,Homo sapiens,North America,USA,human,human,A20G2R1-IIa,
243,SRR3091759_CP0036C6,1,-0.0,1.0,Bos taurus,Europe,Sweden,livestock,cattle,A17G1R1-IIa,
244,SRR15694526_42983,1,-0.0,1.0,Bos taurus,Asia,China,livestock,cattle,A19G1-IId,
245,SRR26320680_Hun3,1,-0.0,1.0,Bos taurus,Europe,Hungary,livestock,cattle,A16G3R1-IIa,
246,UKP225,1,-0.0,1.0,Homo sapiens,Europe,United Kingdom,human,human,A17G1-IId,
247,SRR10363536_44291,2,0.26956648583004916,1.3093966856577173,Bos taurus,Asia,China,livestock,cattle,A19G1-IId,A18G1-IId
248,SRR27731273_W391,1,-0.0,1.0,Bos taurus,Asia,China,livestock,cattle,A19G1-IId,
249,SRR10363346_39729,1,-0.0,1.0,Homo sapiens,North America,USA,human,human,A15G2R1-IIa,
250,SRR15694519_44619,1,-0.0,1.0,Bos taurus,Europe,Czech Republic,livestock,cattle,A16G1R1-IIa,
251,SRR6147472_UKP3,2,0.3329089622218044,1.3950202931407245,Homo sapiens,Europe,United Kingdom,human,human,A18G2R1-IIa,A17G2R1-IIa
252,SRR15694487_42556,1,-0.0,1.0,Bos taurus,North America,USA,livestock,cattle,A17G2R1-IIa,
253,SRR6147587_UKP5,1,-0.0,1.0,Homo sapiens,Europe,United Kingdom,human,human,A15G2R1-IIa,
254,SRR10363414_44655,1,-0.0,1.0,Homo sapiens,North America,USA,human,human,A15G2R1-IIa,
255,SRR10363558_39727,1,-0.0,1.0,Homo sapiens,North America,USA,human,human,A15G2R1-IIa,
256,SRR27731276_W485,1,-0.0,1.0,Bos taurus,Asia,China,livestock,cattle,A19G1-IId,
257,SRR15694555_11789,1,-0.0,1.0,Bos taurus,Asia,China,livestock,cattle,A20G1-IId,
258,SRR10997270_IL100105221_GATCAGCT,1,-0.0,1.0,Homo sapiens,Africa,Uganda,human,human,A5G3-IIc,
259,SRR26320704_DK12,1,-0.0,1.0,Bos taurus,Europe,Denmark,livestock,cattle,A15G2R1-IIa,
260,SRR15694534_42970,1,-0.0,1.0,Bos taurus,Asia,China,livestock,cattle,A19G1-IId,
261,SRR15694490_43801,1,-0.0,1.0,Homo sapiens,North America,USA,human,human,A5G3-IIc,
262,SRR10363316_42566,1,-0.0,1.0,Bos taurus,North America,USA,livestock,cattle,A17G2R1-IIa,
263,SRR10363416_44640,1,-0.0,1.0,Homo sapiens,North America,USA,human,human,A15G2R1-IIa,
264,SRR10363385_46361,1,-0.0,1.0,Homo sapiens,North America,USA,human,human,A19G2R1-IIa,
265,SRR27731290_W417,1,-0.0,1.0,Bos taurus,Asia,China,livestock,cattle,A19G1-IId,
266,SRR15694499_38783,1,-0.0,1.0,Bos taurus,North America,USA,livestock,cattle,A15G2R1-IIa,
267,SRR10363485_43329,1,-0.0,1.0,Homo sapiens,North America,USA,human,human,A15G2R1-IIa,
268,SRR26320647_UKP122,1,-0.0,1.0,Homo sapiens,Europe,United Kingdom,human,human,A15G2R1-IIa,
269,SRR10363435_40663,1,-0.0,1.0,Homo sapiens,North America,USA,human,human,A15G2R1-IIa,
270,SRR27731262_W424,1,-0.0,1.0,Bos taurus,Asia,China,livestock,cattle,A19G1-IId,
271,SRR9070314_AT,1,-0.0,1.0,Bos taurus,North America,USA,livestock,cattle,A17G2R1-IIa,
272,SRR10363342_43444,1,-0.0,1.0,Homo sapiens,North America,USA,human,human,A15G2R1-IIa,
273,SRR11817822_Run2,1,-0.0,1.0,Capra hircus,Europe,Italy,,,A17G1-IId,
274,SRR26320722_Fra5,1,-0.0,1.0,Ovis aries,Europe,France,livestock,,A16G3R1-IIa,
275,SRR10363313_42658,1,-0.0,1.0,Bos taurus,Asia,China,livestock,cattle,A19G1-IId,
276,SRR15694561_45016,1,-0.0,1.0,Bos taurus,Asia,China,livestock,cattle,A19G1-IId,
277,SRR27731269_W400,1,-0.0,1.0,Bos taurus,Asia,China,livestock,cattle,A19G1-IId,
278,SRR10363523_43061,1,-0.0,1.0,Homo sapiens,North America,USA,human,human,A15G2R1-IIa,
279,SRR10363556_44173,1,-0.0,1.0,Homo sapiens,North America,USA,human,human,A17G2R1-IIa,
280,SRR6813717_UKP12,1,-0.0,1.0,Homo sapiens,Europe,United Kingdom,human,human,A5G3-IIc,
281,SRR27731266_W415,1,-0.0,1.0,Bos taurus,Asia,China,livestock,cattle,A19G1-IId,
282,SRR26320688_GER29,1,-0.0,1.0,Bos taurus,Europe,Germany,livestock,cattle,A19G1R1-IIa,
283,UKP218,1,-0.0,1.0,Bos taurus,Europe,United Kingdom,livestock,cattle,A17G2R1-IIa,
284,SRR10363506_44377,1,-0.0,1.0,Homo sapiens,North America,USA,human,human,A15G2R1-IIa,
285,SRR10363469_39187,1,-0.0,1.0,Homo sapiens,North America,USA,human,human,A15G2R1-IIa,
286,SRR15694492_41889,1,-0.0,1.0,Bos taurus,North America,USA,livestock,cattle,A15G2R1-IIa,
287,SRR27731298_W389,1,-0.0,1.0,Bos taurus,Asia,China,livestock,cattle,A19G1-IId,
288,SRR10363481_44532,1,-0.0,1.0,Homo sapiens,North America,USA,human,human,A17G2R1-IIa,
289,SRR26320702_GER13,2,0.26588963541208094,1.3045910700855998,Bos taurus,Europe,Germany,livestock,cattle,A15G2R1-IIa,A14G2R1-IIa
290,SRR10363324_42123,1,-0.0,1.0,Bos taurus,North America,USA,livestock,cattle,A15G2R1-IIa,
291,SRR33038864,1,-0.0,1.0,Bos taurus,North America,USA,livestock,cattle,A17G2R1-IIa,
292,SRR10363320_42423,1,-0.0,1.0,Homo sapiens,North America,USA,human,human,A15G2R1-IIa,
293,SRR26320665_DK4,1,-0.0,1.0,Bos taurus,Europe,Denmark,livestock,cattle,A16G3R1-IIa,
294,SRR10363343_43443,1,-0.0,1.0,Homo sapiens,North America,USA,human,human,A15G2R2-IIa,
295,SRR16990213_ILWGS,1,-0.0,1.0,Bos taurus,North America,USA,livestock,cattle,A17G2R1-IIa,
296,SRR10363376_46429,1,-0.0,1.0,Homo sapiens,North America,USA,human,human,A20G2R1-IIa,
297,SRR26320654_DK5,1,-0.0,1.0,Bos taurus,Europe,Denmark,livestock,cattle,A16G3R1-IIa,
298,SRR10363453_44569,1,-0.0,1.0,Homo sapiens,North America,USA,human,human,A16G1R1-IIa,
299,SRR10363479_44533,1,-0.0,1.0,Homo sapiens,North America,USA,human,human,A17G2R1-IIa,
300,SRR27731241_W473,1,-0.0,1.0,Bos taurus,Asia,China,livestock,cattle,A19G1-IId,
301,SRR15694549_9592,1,-0.0,1.0,Camelus bactrianus,Asia,China,,,A20G1-IId,
302,SRR10363592_43740,1,-0.0,1.0,Homo sapiens,North America,USA,human,human,A15G2R1-IIa,
303,SRR10363387_46358,1,-0.0,1.0,Bos taurus,North America,USA,livestock,cattle,A23G1R1-IIa,
304,SRR10363425_44632,1,-0.0,1.0,Homo sapiens,North America,USA,human,human,A15G2R2-IIa,
305,SRR27731240_W474,1,-0.0,1.0,Bos taurus,Asia,China,livestock,cattle,A19G1-IId,
306,SRR10363580_42964,1,-0.0,1.0,Bos taurus,Asia,China,livestock,cattle,A19G1-IId,
307,SRR26320697_GER20,1,-0.0,1.0,Bos taurus,Europe,Germany,livestock,cattle,A15G2R1-IIa,
308,SRR10363432_44611,1,-0.0,1.0,Homo sapiens,North America,USA,human,human,A15G2R2-IIa,
309,SRR26320700_GER16,1,-0.0,1.0,Bos taurus,Europe,Germany,livestock,cattle,A15G2R1-IIa,
310,SRR15694563_11760,1,-0.0,1.0,Bos taurus,Asia,China,livestock,cattle,A20G1-IId,
311,SRR15694550_45017,1,-0.0,1.0,Bos taurus,Asia,China,livestock,cattle,A19G1-IId,
312,SRR26320679_Hun4,3,0.7053731555799043,2.024602035528579,Bos taurus,Europe,Hungary,livestock,cattle,A16G1R1-IIa,A16G3R1-IIa/A15G1R1-IIa
313,SRR26320701_GER15,2,0.3260013428277526,1.3854172292482398,Bos taurus,Europe,Germany,livestock,cattle,A15G2R1-IIa,A14G2R1-IIa
314,SRR26320655_UKP104,1,-0.0,1.0,Homo sapiens,Europe,United Kingdom,human,human,A15G2R1-IIa,
315,SRR10363468_40230,1,-0.0,1.0,Homo sapiens,North America,USA,human,human,A15G2R1-IIa,
316,SRR27731302_W495,1,-0.0,1.0,Bos taurus,Asia,China,livestock,cattle,A19G1-IId,
317,SRR27731263_W423,1,-0.0,1.0,Bos taurus,Asia,China,livestock,cattle,A19G1-IId,
318,SRR10363410_44659,1,-0.0,1.0,Homo sapiens,North America,USA,human,human,A19G2R1-IIa,
319,SRR15694545_42632,1,-0.0,1.0,Bos taurus,Asia,China,livestock,cattle,A19G1-IId,
320,SRR26320739_DK8,1,-0.0,1.0,Bos taurus,Europe,Denmark,livestock,cattle,A15G2R1-IIa,
321,SRR3473975_31727,1,-0.0,1.0,Bos taurus,Asia,China,livestock,cattle,A19G1-IId,
322,SRR11516702_Sterling,1,-0.0,1.0,Bos taurus,North America,USA,livestock,cattle,A15G2R1-IIa,
323,SRR10363326_42121,1,-0.0,1.0,Bos taurus,North America,USA,livestock,cattle,A15G2R1-IIa,
324,SRR10363446_40457,1,-0.0,1.0,Homo sapiens,North America,USA,human,human,A15G2R1-IIa,
325,SRR10363391_41572,1,-0.0,1.0,Bos taurus,North America,USA,livestock,cattle,A15G2R1-IIa,
326,SRR10363487_44519,1,-0.0,1.0,Homo sapiens,North America,USA,human,human,A15G2R1-IIa,
327,UKP229,1,-0.0,1.0,Homo sapiens,Europe,United Kingdom,human,human,A17G1-IId,
328,SRR10363328_41896,1,-0.0,1.0,Bos taurus,North America,USA,livestock,cattle,A17G2R1-IIa,
329,SRR15694486_42557,1,-0.0,1.0,Bos taurus,North America,USA,livestock,cattle,A17G2R1-IIa,
330,SRR15694522_42987,1,-0.0,1.0,Bos taurus,Asia,China,livestock,cattle,A19G1-IId,
331,SRR10363460_44557,1,-0.0,1.0,Homo sapiens,North America,USA,human,human,A15G2R1-IIa,
332,SRR10363412_44656,1,-0.0,1.0,Homo sapiens,North America,USA,human,human,A15G2R2-IIa,
333,SRR11818078_Run2,1,-0.0,1.0,Homo sapiens,Europe,Slovenia,human,human,A15G1R1-IIa,
334,SRR15694540_42963,1,-0.0,1.0,Bos taurus,Asia,China,livestock,cattle,A19G1-IId,
335,SRR10363576_42967,1,-0.0,1.0,Bos taurus,Asia,China,livestock,cattle,A19G1-IId,
336,SRR27731284_W432,1,-0.0,1.0,Bos taurus,Asia,China,livestock,cattle,A19G1-IId,
337,SRR11817819_Run13,1,-0.0,1.0,Bos taurus,Europe,Denmark,livestock,cattle,A18G1R1-IIa,
338,SRR15694562_11722,1,-0.0,1.0,Bos taurus,Asia,China,livestock,cattle,A20G1-IId,
339,SRR15694528_6294,1,-0.0,1.0,Bos taurus,Asia,China,livestock,cattle,A19G1-IId,
340,SRR26320743_UKP90,1,-0.0,1.0,Homo sapiens,Europe,United Kingdom,human,human,A18G3R1-IIa,
341,SRR26320733_FIN4,1,-0.0,1.0,Bos taurus,Europe,Finland,livestock,cattle,A15G2R1-IIa,
342,SRR21763626_Calf8,1,-0.0,1.0,Bos taurus,Europe,Italy,livestock,cattle,A23G1-IId,
343,SRR26320662_Swe3,2,0.6525054096195582,1.920346060456537,Bos taurus,Europe,Sweden,livestock,cattle,A16G2R1-IIa,A15G2R1-IIa
344,SRR27731264_W422,1,-0.0,1.0,Bos taurus,Asia,China,livestock,cattle,A19G1-IId,
345,SRR15694504_42429,1,-0.0,1.0,Bos taurus,North America,USA,livestock,cattle,A15G2R1-IIa,
346,SRR26320748_UKP131,1,-0.0,1.0,Bos taurus,Europe,United Kingdom,livestock,cattle,A15R1-IIa,
347,SRR15694501_45175,1,-0.0,1.0,Homo sapiens,North America,USA,human,human,A5G3-IIc,
348,SRR26320712_FIN17,1,-0.0,1.0,Bos taurus,Europe,Finland,livestock,cattle,A15G2R1-IIa,
349,SRR10363402_41571,1,-0.0,1.0,Bos taurus,North America,USA,livestock,cattle,A15G2R1-IIa,
350,SRR26320751_DK6,1,-0.0,1.0,Bos taurus,Europe,Denmark,livestock,cattle,A16G3R1-IIa,
351,SRR10363598_43468,1,-0.0,1.0,Homo sapiens,North America,USA,human,human,A15G2R2-IIa,
352,SRR27731289_W418,1,-0.0,1.0,Bos taurus,Asia,China,livestock,cattle,A19G1-IId,
353,SRR10363443_44585,1,-0.0,1.0,Homo sapiens,North America,USA,human,human,A16G3R3-IIa,
354,SRR26320740_DK7,1,-0.0,1.0,Bos taurus,Europe,Denmark,livestock,cattle,A15G2R1-IIa,
355,SRR15694524_42985,1,-0.0,1.0,Bos taurus,Asia,China,livestock,cattle,A19G1-IId,
356,SRR10363378_46377,1,-0.0,1.0,Homo sapiens,North America,USA,human,human,A19G2R1-IIa,
357,SRR11817809_Run10,1,-0.0,1.0,Bos taurus,Europe,Italy,livestock,cattle,A16G3R1-IIa,
358,SRR26320686_GER30,1,-0.0,1.0,Bos taurus,Europe,Germany,livestock,cattle,A15G2R1-IIa,
359,SRR10336407_39206,1,-0.0,1.0,Homo sapiens,North America,USA,human,human,A15G2R1-IIa,
360,SRR10363561_43007,1,-0.0,1.0,Homo sapiens,North America,USA,human,human,A15G2R1-IIa,
361,SRR27731248_W489,1,-0.0,1.0,Bos taurus,Asia,China,livestock,cattle,A19G1-IId,
362,SRR10363530_43026,1,-0.0,1.0,Homo sapiens,North America,USA,human,human,A16G3R1-IIa,
363,SRR10363333_43454,1,-0.0,1.0,Homo sapiens,North America,USA,human,human,A16G3R1-IIa,
364,SRR26320707_FIN21,1,-0.0,1.0,Homo sapiens,Europe,Finland,human,human,A15G2R1-IIa,
365,SRR27731306_W347,1,-0.0,1.0,Bos taurus,Asia,China,livestock,cattle,A19G1-IId,
366,SRR10363538_44279,2,0.30017863875595163,1.350099966213597,Homo sapiens,North America,USA,human,human,A16G2R1-IIa,A18G3R2-IIa
367,SRR10363514_43293,1,-0.0,1.0,Homo sapiens,North America,USA,human,human,A15G2R2-IIa,
368,SRR26320670_Nor3,1,-0.0,1.0,Bos taurus,Europe,Norway,livestock,cattle,A10G1R2-IIa,
369,SRR26320668_Pol1,2,0.3090988395575824,1.3621970027989108,Bos taurus,Europe,Poland,livestock,cattle,A17G1R1-IIa,A16G1R1-IIa
370,SRR21763628_Calf6,1,-0.0,1.0,Bos taurus,Europe,Italy,livestock,cattle,A18G2R1-IIa,
371,SRR26320649_UKP120,1,-0.0,1.0,Homo sapiens,Europe,United Kingdom,human,human,A18G3R1-IIa,
372,SRR26320719_FIN11,1,-0.0,1.0,Bos taurus,Europe,Finland,livestock,cattle,A15G2R1-IIa,
373,SRR26320706_FIN22,1,-0.0,1.0,Homo sapiens,Europe,Finland,human,human,A13G2R1-IIa,
374,SRR10363364_47027,1,-0.0,1.0,Homo sapiens,North America,USA,human,human,A15G2R2-IIa,
375,SRR10363447_44582,1,-0.0,1.0,Homo sapiens,North America,USA,human,human,A15G2R3-IIa,
376,SRR26320729_FIN8,1,-0.0,1.0,Homo sapiens,Europe,Finland,human,human,A15G2R1-IIa,
377,SRR11818077_Run3,1,-0.0,1.0,Homo sapiens,Europe,Slovenia,human,human,A20G1R1-IIa,
378,SRR27731258_W430,1,-0.0,1.0,Bos taurus,Asia,China,livestock,cattle,A19G1-IId,
379,SRR26320689_GER28,1,-0.0,1.0,Bos taurus,Europe,Germany,livestock,cattle,A15G2R1-IIa,
380,SRR15694573_45011,1,-0.0,1.0,Bos taurus,Asia,China,livestock,cattle,A19G1-IId,
381,SRR10997324_IL100105221_CGTAGCAT,1,-0.0,1.0,Homo sapiens,Africa,Uganda,human,human,A5G3-IIc,
382,SRR27731267_W414,1,-0.0,1.0,Bos taurus,Asia,China,livestock,cattle,A19G1-IId,
383,SRR26320714_FIN15,1,-0.0,1.0,Bos taurus,Europe,Finland,livestock,cattle,A15G2R1-IIa,
384,SRR27731259_W429,1,-0.0,1.0,Bos taurus,Asia,China,livestock,cattle,A19G1-IId,
385,SRR33512233_MUC25-CDS-KO,1,-0.0,1.0,Mus musculus,Asia,China,,,A19G1-IId,
386,SRR10363307_42770,1,-0.0,1.0,Homo sapiens,North America,USA,human,human,A18G3R1-IIa,
387,SRR10363596_43713,1,-0.0,1.0,Homo sapiens,Africa,Egypt,human,human,A20G1-IId,
388,SRR15694541_42962,1,-0.0,1.0,Bos taurus,Asia,China,livestock,cattle,A19G1-IId,
389,SRR15694489_41565,1,-0.0,1.0,Bos taurus,North America,USA,livestock,cattle,A15G2R1-IIa,
390,SRR10363486_44521,1,-0.0,1.0,Homo sapiens,North America,USA,human,human,A17G2R2-IIa,
391,SRR10363321_42310,1,-0.0,1.0,Homo sapiens,North America,USA,human,human,A15G2R1-IIa,
392,SRR10363308_43455,4,1.0734858763977666,2.9255598860414795,Homo sapiens,North America,USA,human,human,A15G2R1-IIa,A15G2R2-IIa/A17G2R1-IIa/A16G3R1-IIa
393,SRR15694530_42980,1,-0.0,1.0,Bos taurus,Asia,China,livestock,cattle,A19G1-IId,
394,SRR15694518_44621,1,-0.0,1.0,Homo sapiens,Europe,Czech Republic,human,human,A16G1R1-IIa,
395,SRR10363338_43450,1,-0.0,1.0,Homo sapiens,North America,USA,human,human,A15G2R1-IIa,
396,SRR15694484_22973,1,-0.0,1.0,Bos taurus,Asia,China,livestock,cattle,A19G1-IId,
397,SRR26320645_UKP124,1,-0.0,1.0,Homo sapiens,Europe,United Kingdom,human,human,A19G1R1-IIa,
398,SRR26320651_UKP118,1,-0.0,1.0,Homo sapiens,Europe,United Kingdom,human,human,A15G2R1-IIa,
399,SRR10363334_43453,1,-0.0,1.0,Homo sapiens,North America,USA,human,human,A15G2R2-IIa,
400,SRR15694491_42564,1,-0.0,1.0,Bos taurus,North America,USA,livestock,cattle,A16G3R1-IIa,
401,SRR10363431_44614,1,-0.0,1.0,Homo sapiens,North America,USA,human,human,A15G2R1-IIa,
402,SRR10363491_44504,1,-0.0,1.0,Homo sapiens,North America,USA,human,human,A17G4R1-IIa,
403,SRR10363496_44490,1,-0.0,1.0,Bos taurus,Africa,Egypt,livestock,cattle,A15G1R1-IIa,
404,SRR10363594_43734,1,-0.0,1.0,Homo sapiens,North America,USA,human,human,A15G2R1-IIa,
405,SRR15694556_11785,1,-0.0,1.0,Bos taurus,Asia,China,livestock,cattle,A20G1-IId,
406,SRR15694510_44425,1,-0.0,1.0,Bos taurus,Africa,Egypt,livestock,cattle,A15G1R1-IIa,
407,SRR26320693_GER24,1,-0.0,1.0,Bos taurus,Europe,Germany,livestock,cattle,A15G2R1-IIa,
408,SRR30219004_W590,1,-0.0,1.0,Bos taurus,Asia,China,livestock,cattle,A19G1-IId,
409,SRR26320644_UKP125,1,-0.0,1.0,Homo sapiens,Europe,United Kingdom,human,human,A13G2R1-IIa,
410,UKP230,1,-0.0,1.0,Homo sapiens,Europe,United Kingdom,human,human,A17G1R1-IIa,
411,SRR15694558_11744,1,-0.0,1.0,Bos taurus,Asia,China,livestock,cattle,A20G1-IId,
412,SRR10336412_17861,1,-0.0,1.0,Bos taurus,North America,USA,livestock,cattle,A15G2R1-IIa,
413,SRR10363493_44493,1,-0.0,1.0,Bos taurus,Africa,Egypt,livestock,cattle,A15G1R1-IIa,
414,SRR10363498_44458,1,-0.0,1.0,Bos taurus,Africa,Egypt,livestock,cattle,A15G1R1-IIa,
415,SRR10363578_42966,1,-0.0,1.0,Bos taurus,Asia,China,livestock,cattle,A19G1-IId,
416,SRR10363421_44635,1,-0.0,1.0,Homo sapiens,North America,USA,human,human,A17G2R1-IIa,
417,SRR10363384_46362,1,-0.0,1.0,Homo sapiens,North America,USA,human,human,A19G2R1-IIa,
418,SRR10363441_44592,1,-0.0,1.0,Homo sapiens,North America,USA,human,human,A15G2R1-IIa,
419,UKP222,1,-0.0,1.0,Homo sapiens,Europe,United Kingdom,human,human,A16G2R1-IIa,
420,SRR10363551_39756,1,-0.0,1.0,Homo sapiens,North America,USA,human,human,A15G2R1-IIa,
421,SRR6147945_UKP6,1,-0.0,1.0,Homo sapiens,Europe,United Kingdom,human,human,A15G2R1-IIa,
422,SRR10363365_47026,1,-0.0,1.0,Homo sapiens,North America,USA,human,human,A15G2R2-IIa,
423,SRR6871415_UKP1,1,-0.0,1.0,Homo sapiens,Europe,United Kingdom,human,human,A17G1R1-IIa,
424,SRR10363323_42124,1,-0.0,1.0,Bos taurus,North America,USA,livestock,cattle,A15G2R1-IIa,
425,SRR10363462_44552,1,-0.0,1.0,Homo sapiens,North America,USA,human,human,A15G2R1-IIa,
426,SRR6813718_UKP14,1,-0.0,1.0,Homo sapiens,Europe,United Kingdom,human,human,A5G3-IIc,
427,SRR26320695_GER22,1,-0.0,1.0,Bos taurus,Europe,Germany,livestock,cattle,A15G2R1-IIa,
428,SRR26320717_FIN13,1,-0.0,1.0,Bos taurus,Europe,Finland,livestock,cattle,A15G2R1-IIa,
429,SRR15694566_24716,1,-0.0,1.0,Bos taurus,Asia,China,livestock,cattle,A20G1-IId,
430,SRR10363521_43070,1,-0.0,1.0,Homo sapiens,North America,USA,human,human,A15G2R1-IIa,
431,SRR33038863,1,-0.0,1.0,Bos taurus,North America,USA,livestock,cattle,A17G2R1-IIa,
432,SRR10363423_44633,1,-0.0,1.0,Homo sapiens,North America,USA,human,human,A16G3R1-IIa,
433,SRR26320653_UKP106,1,-0.0,1.0,Homo sapiens,Europe,United Kingdom,human,human,A15G1R2-IIa,
434,SRR10363300_43465,1,-0.0,1.0,Homo sapiens,North America,USA,human,human,A15G2R2-IIa,
435,SRR10363302_43462,1,-0.0,1.0,Homo sapiens,North America,USA,human,human,A15G2R1-IIa,
436,SRR26320652_UKP107,1,-0.0,1.0,Homo sapiens,Europe,United Kingdom,human,human,A17G1R1-IIa,
437,SRR15694543_42669,1,-0.0,1.0,Bos taurus,Asia,China,livestock,cattle,A19G1-IId,
438,SRR15694514_43713,1,-0.0,1.0,Homo sapiens,Africa,Egypt,human,human,A20G1-IId,
439,SRR15694554_11768,1,-0.0,1.0,Bos taurus,Asia,China,livestock,cattle,A20G1-IId,
440,SRR10363450_44577,1,-0.0,1.0,Homo sapiens,North America,USA,human,human,A17G4R1-IIa,
441,SRR26320735_FIN24,1,-0.0,1.0,Homo sapiens,Europe,Finland,human,human,A15G2R1-IIa,
442,SRR31044660,1,-0.0,1.0,Mus musculus,North America,USA,,,A17G2R1-IIa,
443,SRR10363540_39898,1,-0.0,1.0,Homo sapiens,North America,USA,human,human,A15G2R1-IIa,
444,SRR10363457_40236,1,-0.0,1.0,Bos taurus,North America,USA,livestock,cattle,A15G2R1-IIa,
445,SRR27731285_W431,1,-0.0,1.0,Bos taurus,Asia,China,livestock,cattle,A19G1-IId,
446,SRR15694503_42554,1,-0.0,1.0,Bos taurus,North America,USA,livestock,cattle,A15G2R1-IIa,
447,SRR10363363_47028,1,-0.0,1.0,Homo sapiens,North America,USA,human,human,A15G2R2-IIa,
448,SRR10363317_42565,1,-0.0,1.0,Bos taurus,North America,USA,livestock,cattle,A15G2R1-IIa,
449,SRR10363306_43456,1,-0.0,1.0,Homo sapiens,North America,USA,human,human,A15G2R2-IIa,
450,SRR26320658_SweH4,1,-0.0,1.0,Homo sapiens,Europe,Sweden,human,human,A22G1-IId,
451,SRR26320750_UKP126,1,-0.0,1.0,Homo sapiens,Europe,United Kingdom,human,human,A20G1-IId,
452,SRR10363303_43461,1,-0.0,1.0,Homo sapiens,North America,USA,human,human,A15G2R1-IIa,
453,SRR10363531_43024,1,-0.0,1.0,Homo sapiens,North America,USA,human,human,A16G3R2-IIa,
454,SRR27731286_W427,1,-0.0,1.0,Bos taurus,Asia,China,livestock,cattle,A19G1-IId,
455,SRR10363335_39731,1,-0.0,1.0,Homo sapiens,North America,USA,human,human,A15G2R1-IIa,
456,SRR10363570_42981,1,-0.0,1.0,Bos taurus,Asia,China,livestock,cattle,A19G1-IId,
457,SRR3091754_CP0035D9,1,-0.0,1.0,Bos taurus,Europe,Sweden,livestock,cattle,A17G1R1-IIa,
458,SRR10363569_42982,1,-0.0,1.0,Bos taurus,Asia,China,livestock,cattle,A19G1-IId,
459,SRR26320671_Nor2,1,-0.0,1.0,Bos taurus,Europe,Norway,livestock,cattle,A22G1-IId,
460,SRR10363574_42972,1,-0.0,1.0,Bos taurus,Asia,China,livestock,cattle,A19G1-IId,
461,SRR10363445_44583,1,-0.0,1.0,Homo sapiens,North America,USA,human,human,A15G2R1-IIa,
462,SRR10363409_44662,1,-0.0,1.0,Homo sapiens,North America,USA,human,human,A19G2R1-IIa,
463,SRR10363448_44579,1,-0.0,1.0,Homo sapiens,North America,USA,human,human,A15G2R2-IIa,
464,SRR6147581_UKP4,2,0.3186357475190216,1.3752502953289059,Homo sapiens,Europe,United Kingdom,human,human,A15G2R1-IIa,A14G2R1-IIa
465,SRR15694493_41566,1,-0.0,1.0,Bos taurus,North America,USA,livestock,cattle,A15G2R1-IIa,
466,SRR10363430_44615,1,-0.0,1.0,Homo sapiens,North America,USA,human,human,A15G2R1-IIa,
467,SRR10363382_46374,1,-0.0,1.0,Homo sapiens,North America,USA,human,human,A19G2R1-IIa,
468,SRR30219006_W588,1,-0.0,1.0,Bos taurus,Asia,China,livestock,cattle,A19G1-IId,
469,UKP217,1,-0.0,1.0,Homo sapiens,Europe,United Kingdom,human,human,A17G2R1-IIa,
470,SRR26320713_FIN16,1,-0.0,1.0,Bos taurus,Europe,Finland,livestock,cattle,A15G2R1-IIa,
471,SRR26320749_UKP130,1,-0.0,1.0,Bos taurus,Europe,United Kingdom,livestock,cattle,A15R1-IIa,
472,SRR10363595_43725,1,-0.0,1.0,Homo sapiens,North America,USA,human,human,A15G2R2-IIa,
473,SRR15694498_41883,1,-0.0,1.0,Bos taurus,North America,USA,livestock,cattle,A15G2R2-IIa,
474,SRR10363362_47029,1,-0.0,1.0,Homo sapiens,North America,USA,human,human,A15G2R2-IIa,
475,SRR10363482_43402,1,-0.0,1.0,Homo sapiens,North America,USA,human,human,A15G2R2-IIa,
476,SRR10363572_42978,1,-0.0,1.0,Bos taurus,Asia,China,livestock,cattle,A19G1-IId,
477,SRR30219002_W592,1,-0.0,1.0,Bos taurus,Asia,China,livestock,cattle,A19G1-IId,
478,SRR10363466_44547,1,-0.0,1.0,Homo sapiens,North America,USA,human,human,A15G2R1-IIa,
479,SRR15694502_41886,1,-0.0,1.0,Bos taurus,North America,USA,livestock,cattle,A16G3R1-IIa,
480,SRR10363519_43284,1,-0.0,1.0,Homo sapiens,North America,USA,human,human,A14G3R2-IIa,
481,SRR30219007_W587,1,-0.0,1.0,Bos taurus,Asia,China,livestock,cattle,A20G1-IId,
482,SRR11817814_Run5,1,-0.0,1.0,Ovis aries,Europe,Italy,livestock,,A15G2R1-IIa,
483,SRR10363599_43466,1,-0.0,1.0,Homo sapiens,North America,USA,human,human,A15G2R2-IIa,
484,SRR26320687_DK2,2,0.32703456861263375,1.3868494178119826,Bos taurus,Europe,Denmark,livestock,cattle,A15G2R1-IIa,A14G2R1-IIa
485,SRR26320744_UKP135,1,-0.0,1.0,Homo sapiens,Europe,United Kingdom,human,human,A18G2R1-IIa,
486,SRR10363512_43314,1,-0.0,1.0,Homo sapiens,North America,USA,human,human,A15G2R1-IIa,
487,SRR10363340_43447,1,-0.0,1.0,Homo sapiens,North America,USA,human,human,A15G2R1-IIa,
488,SRR26320724_Fra3,1,-0.0,1.0,Ovis aries,Europe,France,livestock,,A15G2R1-IIa,
489,SRR15694531_42978,1,-0.0,1.0,Bos taurus,Asia,China,livestock,cattle,A19G1-IId,
490,UKP215,1,-0.0,1.0,Homo sapiens,Europe,United Kingdom,human,human,A18G1R1-IIa,
491,SRR7898459_UKP16,1,-0.0,1.0,Homo sapiens,Europe,United Kingdom,human,human,A5G3-IIc,
492,SRR26320738_DK9,1,-0.0,1.0,Bos taurus,Europe,Denmark,livestock,cattle,A15G2R1-IIa,
493,SRR27731301_W496,1,-0.0,1.0,Bos taurus,Asia,China,livestock,cattle,A19G1-IId,
494,SRR10363318_42564,1,-0.0,1.0,Bos taurus,North America,USA,livestock,cattle,A16G3R1-IIa,
495,SRR11817823_Run1,1,-0.0,1.0,Capra hircus,Europe,Italy,,,A15G2R1-IIa,
496,SRR10363381_46375,1,-0.0,1.0,Homo sapiens,North America,USA,human,human,A19G2R1-IIa,
497,SRR10363518_43286,1,-0.0,1.0,Homo sapiens,North America,USA,human,human,A16G3R1-IIa,
498,SRR27731294_W397,1,-0.0,1.0,Bos taurus,Asia,China,livestock,cattle,A19G1-IId,
499,SRR10363433_44610,1,-0.0,1.0,Homo sapiens,North America,USA,human,human,A15G2R1-IIa,
500,SRR10363422_44634,1,-0.0,1.0,Homo sapiens,North America,USA,human,human,A16G3R1-IIa,
501,SRR15694509_44458,1,-0.0,1.0,Bos taurus,Africa,Egypt,livestock,cattle,A15G1R1-IIa,
502,SRR26320664_Swe1,1,-0.0,1.0,Bos taurus,Europe,Sweden,livestock,cattle,A15G2R1-IIa,
503,SRR26320699_GER17,1,-0.0,1.0,Bos taurus,Europe,Germany,livestock,cattle,A15G2R1-IIa,
504,SRR10363312_42669,1,-0.0,1.0,Bos taurus,Asia,China,livestock,cattle,A19G1-IId,
505,SRR26320672_Nor1,1,-0.0,1.0,Bos taurus,Europe,Norway,livestock,cattle,A10G1R2-IIa,
506,SRR10363438_44603,1,-0.0,1.0,Homo sapiens,North America,USA,human,human,A16G3R1-IIa,
507,SRR27731282_W433,1,-0.0,1.0,Bos taurus,Asia,China,livestock,cattle,A19G1-IId,
508,SRR10363567_42984,1,-0.0,1.0,Bos taurus,Asia,China,livestock,cattle,A19G1-IId,
509,SRR27731270_W399,1,-0.0,1.0,Bos taurus,Asia,China,livestock,cattle,A20G1-IId,
510,SRR10363575_42970,1,-0.0,1.0,Bos taurus,Asia,China,livestock,cattle,A19G1-IId,
511,SRR10363535_44298,1,-0.0,1.0,Bos taurus,Asia,China,livestock,cattle,A19G1-IId,
512,SRR10363380_41577,1,-0.0,1.0,Bos taurus,North America,USA,livestock,cattle,A15G2R2-IIa,
513,SRR21763636_Lamb1,1,-0.0,1.0,Ovis aries,Europe,Italy,livestock,,A15G2R1-IIa,
514,SRR10363539_44272,1,-0.0,1.0,Homo sapiens,North America,USA,human,human,A15G2R1-IIa,
515,SRR10363373_46861,1,-0.0,1.0,Homo sapiens,North America,USA,human,human,A15G2R1-IIa,
516,SRR26320726_Fra2,1,-0.0,1.0,Bos taurus,Europe,France,livestock,cattle,A26G1-IId,
517,SRR10363411_44658,1,-0.0,1.0,Homo sapiens,North America,USA,human,human,A19G2R1-IIa,
518,SRR21763632_Calf14,1,-0.0,1.0,Bos taurus,Europe,Italy,livestock,cattle,A17G1R1-IIa,
519,SRR26320745_UKP134,1,-0.0,1.0,Homo sapiens,Europe,United Kingdom,human,human,A15G2R1-IIa,
520,SRR27731261_W406,1,-0.0,1.0,Bos taurus,Asia,China,livestock,cattle,A19G1-IId,
521,SRR26320692_GER25,1,-0.0,1.0,Bos taurus,Europe,Germany,livestock,cattle,A15G2R1-IIa,
522,SRR15694527_42982,1,-0.0,1.0,Bos taurus,Asia,China,livestock,cattle,A19G1-IId,
523,SRR10363562_43006,1,-0.0,1.0,Homo sapiens,North America,USA,human,human,A15G2R1-IIa,
524,SRR15694552_35419,1,-0.0,1.0,Mus musculus,Asia,China,,,A19G1-IId,
525,SRR10363379_46376,1,-0.0,1.0,Homo sapiens,North America,USA,human,human,A19G2R1-IIa,
526,SRR15694568_12536,1,-0.0,1.0,Bos taurus,Asia,China,livestock,cattle,A20G1-IId,
527,SRR27731265_W416,1,-0.0,1.0,Bos taurus,Asia,China,livestock,cattle,A19G1-IId,
528,SRR27731280_W438,1,-0.0,1.0,Bos taurus,Asia,China,livestock,cattle,A19G1-IId,
529,SRR27731252_W484,1,-0.0,1.0,Bos taurus,Asia,China,livestock,cattle,A19G1-IId,
530,SRR10363345_43441,1,-0.0,1.0,Homo sapiens,North America,USA,human,human,A16G3R2-IIa,
531,SRR18395901_26818635,1,-0.0,1.0,Homo sapiens,Europe,France,human,human,A15G2R1-IIa,
532,SRR10363497_44486,1,-0.0,1.0,Bos taurus,Africa,Egypt,livestock,cattle,A15G1R1-IIa,
533,SRR10363406_44669,1,-0.0,1.0,Homo sapiens,North America,USA,human,human,A15G2R1-IIa,
534,SRR27731254_W482,1,-0.0,1.0,Bos taurus,Asia,China,livestock,cattle,A20G1-IId,
535,SRR27731305_W396,1,-0.0,1.0,Bos taurus,Asia,China,livestock,cattle,A20G1-IId,
536,SRR10363526_43054,1,-0.0,1.0,Homo sapiens,North America,USA,human,human,A15G2R1-IIa,
537,SRR27731295_W395,1,-0.0,1.0,Bos taurus,Asia,China,livestock,cattle,A19G1-IId,
538,SRR3091761_CP0036D6,1,-0.0,1.0,Bos taurus,Europe,Sweden,livestock,cattle,A17G1R1-IIa,
539,SRR26320690_GER27,1,-0.0,1.0,Bos taurus,Europe,Germany,livestock,cattle,A15G2R1-IIa,
540,SRR26320677_Hun6,2,0.6271618380175097,1.8722891713811942,Bos taurus,Europe,Hungary,livestock,cattle,A16G3R1-IIa,A16G1R1-IIa
541,SRR27731237_W477,1,-0.0,1.0,Bos taurus,Asia,China,livestock,cattle,A19G1-IId,
542,SRR10363436_44605,1,-0.0,1.0,Homo sapiens,North America,USA,human,human,A18G3R1-IIa,
543,SRR26320728_FIN9,1,-0.0,1.0,Homo sapiens,Europe,Finland,human,human,A15G2R1-IIa,
544,SRR9070312_IMPDH,1,-0.0,1.0,Bos taurus,North America,USA,livestock,cattle,A17G2R1-IIa,
545,SRR10363325_42122,1,-0.0,1.0,Bos taurus,North America,USA,livestock,cattle,A15G2R1-IIa,
546,SRR15694500_42562,1,-0.0,1.0,Bos taurus,North America,USA,livestock,cattle,A14G3R2-IIa,
547,SRR21763635_Lamb2,1,-0.0,1.0,Ovis aries,Europe,Italy,livestock,,A16G1R1-IIa,
548,SRR10363517_39722,1,-0.0,1.0,Homo sapiens,North America,USA,human,human,A15G2R1-IIa,
549,SRR15694551_XJ-CP,1,-0.0,1.0,Bos taurus,Asia,China,livestock,cattle,A19G1-IId,
550,SRR10363477_44535,1,-0.0,1.0,Homo sapiens,North America,USA,human,human,A17G2R1-IIa,
551,SRR15694570_12405,1,-0.0,1.0,Bos taurus,Asia,China,livestock,cattle,A20G1-IId,
552,SRR6148259_UKP8,2,0.4854589008124922,1.6249205151190522,Homo sapiens,Europe,United Kingdom,human,human,A22G1-IId,A21G1-IId
553,SRR10996883_IL100070795,1,-0.0,1.0,Homo sapiens,Africa,Uganda,human,human,A5G3-IIc,
554,SRR10363571_42980,1,-0.0,1.0,Bos taurus,Asia,China,livestock,cattle,A19G1-IId,
555,SRR11817810_Run9,1,-0.0,1.0,Ovis aries,Europe,Italy,livestock,,A17G1R1-IIa,
556,SRR33038860,1,-0.0,1.0,Bos taurus,North America,USA,livestock,cattle,A17G2R1-IIa,
557,SRR10363554_44191,1,-0.0,1.0,Homo sapiens,North America,USA,human,human,A16G3R2-IIa,
558,SRR10363434_44609,1,-0.0,1.0,Homo sapiens,North America,USA,human,human,A15G2R1-IIa,
559,SRR30219011_W585,1,-0.0,1.0,Bos taurus,Asia,China,livestock,cattle,A19G1-IId,
560,UKP220,2,0.5191177429193546,1.6805443233289103,Bos taurus,Europe,United Kingdom,livestock,cattle,A17G2R1-IIa,A17G1R1-IIa
561,SRR26320661_SweH1,1,-0.0,1.0,Homo sapiens,Europe,Sweden,human,human,A16G1R1-IIa,
562,SRR10363374_46858,1,-0.0,1.0,Homo sapiens,North America,USA,human,human,A15G2R1-IIa,
563,SRR15694542_42672,1,-0.0,1.0,Bos taurus,Asia,China,livestock,cattle,A19G1-IId,
564,SRR10363484_43401,1,-0.0,1.0,Homo sapiens,North America,USA,human,human,A15G2R1-IIa,
565,SRR15694547_44291,1,-0.0,1.0,Bos taurus,Asia,China,livestock,cattle,A19G1-IId,
566,SRR15694488_44519,1,-0.0,1.0,Bos taurus,North America,USA,livestock,cattle,A15G2R1-IIa,
567,SRR11516701_WA5dBov99,2,0.5510799280869728,1.7351258175456956,Bos taurus,North America,USA,livestock,cattle,A17G2R1-IIa,A15G2R1-IIa
568,SRR15694508_44492,1,-0.0,1.0,Bos taurus,Africa,Egypt,livestock,cattle,A15G1R1-IIa,
569,SRR27731288_W421,1,-0.0,1.0,Bos taurus,Asia,China,livestock,cattle,A19G1-IId,
570,SRR10363559_39011,1,-0.0,1.0,Homo sapiens,North America,USA,human,human,A15G2R1-IIa,
571,SRR11817820_Run12,1,-0.0,1.0,Capra hircus,Europe,Italy,,,A18R1-IIa,
572,SRR26320667_Pol2,1,-0.0,1.0,Bos taurus,Europe,Poland,livestock,cattle,A17G1R1-IIa,
573,SRR10363563_42987,1,-0.0,1.0,Bos taurus,Asia,China,livestock,cattle,A19G1-IId,
574,SRR26320678_Hun5,2,0.43831374128060496,1.5500911587221589,Bos taurus,Europe,Hungary,livestock,cattle,A16G3R1-IIa,A16G1R1-IIa
575,SRR26320732_FIN5,1,-0.0,1.0,Bos taurus,Europe,Finland,livestock,cattle,A13G2R1-IIa,
576,SRR10363347_43438,1,-0.0,1.0,Homo sapiens,North America,USA,human,human,A15G2R1-IIa,
577,SRR10363573_42973,1,-0.0,1.0,Bos taurus,Asia,China,livestock,cattle,A19G1-IId,
578,SRR15694529_42981,1,-0.0,1.0,Bos taurus,Asia,China,livestock,cattle,A19G1-IId,
579,SRR10363527_43051,1,-0.0,1.0,Homo sapiens,North America,USA,human,human,A15G2R1-IIa,
580,SRR27731279_W439,1,-0.0,1.0,Bos taurus,Asia,China,livestock,cattle,A19G1-IId,
581,SRR26320725_DK13,1,-0.0,1.0,Bos taurus,Europe,Denmark,livestock,cattle,A15G2R1-IIa,
582,SRR11818079_Run1,1,-0.0,1.0,Homo sapiens,Europe,Slovenia,human,human,A15G2R1-IIa,
583,SRR33038861,1,-0.0,1.0,Bos taurus,North America,USA,livestock,cattle,A17G2R1-IIa,
584,SRR10363357_43403,1,-0.0,1.0,Homo sapiens,North America,USA,human,human,A15G2R2-IIa,
585,SRR15694516_34902,1,-0.0,1.0,Bos taurus,Africa,Egypt,livestock,cattle,A20G1-IId,
586,SRR10363395_44871,1,-0.0,1.0,Homo sapiens,North America,USA,human,human,A15G2R1-IIa,
587,SRR10363405_44679,2,0.6724950807186254,1.959119388538275,Homo sapiens,North America,USA,human,human,A15G2R1-IIa,A17G2R1-IIa
588,SRR10336411_24807,1,-0.0,1.0,Bos taurus,North America,USA,livestock,cattle,A19G1-IId,
589,SRR26320691_GER26,1,-0.0,1.0,Bos taurus,Europe,Germany,livestock,cattle,A15G2R1-IIa,
590,SRR10363327_42120,1,-0.0,1.0,Bos taurus,North America,USA,livestock,cattle,A15G2R1-IIa,
591,SRR10363386_46359,1,-0.0,1.0,Bos taurus,North America,USA,livestock,cattle,A23G1R1-IIa,
